Name,Region,Date of Reporting ,Crop,Name of Pest/Disease,Severity of incidence,Source of Information,coordinates,s
,Kullu Himachal Pradesh  ,10-11-2014   ,Apple   ,    Aphid   ,  Low  ,Online report  ,"77.3845,31.9078",
,Raichur Karnataka   ,16-09-2013   ,Sunflower   ,    Leaf caterpillar    ,  Mild ,"Agri Dept, Karnataka  ","77.37,16.2",
Madira,Khammam Andhra Pradesh ,11-09-2013   ,Paddy   ,    Stem borer  ,  Mild ,"Agri Dept, AP  ","80.15,17.25",
,West Godavari Andhra Pradesh    ,25-09-2013   ,Sugarcane   ,    Rodent damage   ,  Low  ,Agri dept  ,"81.09,16.43",
,Tirupur Tamil Nadu  ,13-09-2013   ,Cotton   ,   Boll worm   ,  Mild ,TNAU report  ,"77.3398,11.1075",
,Bilaspur Chhattisgarh   ,21-10-2014   ,Brinjal    ," Shoot & Fruit Borer,Thrips, Jassids, yellow vein mosaic ",  Low to Moderate  ,Online report  ,"81.9559,22.3451",
,Madurai Tamil Nadu  ,13-09-2013   ,Papaya   ,   Mileay bug  ,  Mild ,TNAU report  ,"78.1194,9.9197",
Kadapa,Kadapa Andhra Pradesh  ,11-09-2013   ,Groundnut   ,    Leaf webber ,  Mild ,"Agri Dept, AP  ","78.92,14.47",
Pulivendula, Andhra Pradesh    ,11-09-2013   ,Groundnut   ,    Leaf webber ,  Mild ,"Agri Dept, AP  ","78.233,14.4167",
,Mangalore Karnataka ,16-09-2013   ,Paddy   ,"    Caterpillar, Blue beetle    ",  Mild ,"Agri Dept, Karnataka  ","74.88,12.87",
,Durg Chhattisgarh   ,21-10-2014   ,Okra   ," Fruit borer, jassids, Thrips, leaf minor    ",  Low  ,Online report  ,"81.3467,21.1894",
,Kadapa Andhra Pradesh   ,25-09-2013   ,Groundnut   ,    Leaf webber & spodoptera    ,  Low  ,Agri dept  ,"78.92,14.47",
,Sirsa Haryana   ,22-09-2013   ,Cotton   ,   Cotton leaf curl virus  ,  Moderate to High ,CICR rep dt  - -   ,"75,29.53",
,YSR Andhra Pradesh  ,25-09-2013   ,Groundnut   ,    Leaf webber & spodoptera    ,  Low  ,Agri dept  ,"80.0981,17.0477",
,Nizamabad Andhra Pradesh    ,25-09-2013   ,Soyabean   , Stem grildler spodoptera    ,  Low  ,Agri dept  ,"78.094,18.672",
,Adilabad Andhra Pradesh ,25-09-2013   ,Soyabean   , Stem grildler spodoptera    ,  Low  ,Agri dept  ,"78.53,19.66",
,Coimbatore Tamil Nadu   ,13-09-2013   ,Maize   ,    Downey Mildew   ,  Mild ,TNAU report  ,"76.9725,11.0183",
,Bongaigaon Assam    ,14-11-2014   ,Mustard   ,  leaf eating caterpillars    ,  Low  ,Online report  ,"90.6467,26.4906",
,Nizamabad Andhra Pradesh    ,18-11-2014   ,Beans   ,    leaf roller ,  Low  ,Online report  ,"78.1398,18.5238",
,Khammam Andhra Pradesh  ,20-11-2014   ,Groundnut   ,    wilt    ,  Low to Moderate  ,Online report  ,"80.681,17.5929",
,Nizamabad Andhra Pradesh    ,25-09-2013   ,Black Gram   ,   Spodoptera  & Aphids    ,  Low  ,Agri dept  ,"78.094,18.672",
,Nalgonda Andhra Pradesh ,01-11-2014   ,Paddy   ,    Brown Plant Hopper  ,  Moderate to High ,Online report  ,"79.2815,17.0619",
,Kodagu Karnataka    ,21-11-2014   ,COCOA   ,    Phytophthora pod rot    ,  Low to Moderate  ,Online report  ,"75.8002,12.3233",
,West Godavari Andhra Pradesh    ,21-11-2014   ,COCOA   ,    Blck Pod    ,  Low to Moderate  ,Online report  ,"81.3923,16.8868",
,Kanpur Uttar Pradesh    ,22-09-2013   ,Cotton   ,   Boll worm   ,  Moderate ,CICR rep dt,"80.33,26.46",
,Trivandrum Kerala   ,14-09-2013   ,Coconut   ,  Red palm weevil ,  Mild ,www.indiaenvironmentportal.org.in   ,"76.95,8.487",
,East Godavari Andhra Pradesh    ,25-09-2013   ,Sugarcane   ,    Rodent damage   ,  Low  ,Agri dept  ,"81.09,16.43",
,Hisar Haryana   ,22-09-2013   ,Cotton   ,   Cotton leaf curl virus  ,  Moderate to High ,CICR rep dt  - -   ,"75.7,29.15",
,Bellary Karnataka   ,22-09-2013   ,Cotton   ,   Aphids and Jassids  ,  Low  ,CICR rep dt,"76.9167,15.15",
,Khammam Andhra Pradesh  ,25-09-2013   ,Paddy   ,    Stem borer Hispa    ,  Low  ,Agri dept  ,"80.15,17.25",
,Adilabad Andhra Pradesh ,25-09-2013   ,Paddy   ,    Stem borer Hispa    ,  Low  ,Agri dept  ,"78.53,19.66",
,Nalgonda Andhra Pradesh ,25-09-2013   ,Paddy   ,    Stem borer Hispa    ,  Low  ,Agri dept  ,"79.27,17.05",
,Nizamabad Andhra Pradesh    ,25-09-2013   ,Paddy   ,    Stem borer Hispa    ,  Low  ,Agri dept  ,"78.094,18.672",
Sohna,Gurgaon Haryana    ,01-12-2013   ,Cauliflower   ,  Diamond Black Moth  ,  Low to Moderate  ,ppqs.gov.in  ,"77.0657,28.2468",
,Firozpur Punjab ,13-10-2013   ,Cotton   ,   White Fly & Mealy Bug   ,  Low  ,Jagran post  ,"74.3996,30.5652",
,Raichur Karnataka   ,22-09-2013   ,Cotton   ,   Aphids and Jassids  ,  Low  ,CICR rep dt,"77.37,16.2",
,Nizamabad Andhra Pradesh    ,25-09-2013   ,Maize   ,    Stem borer leaf blight  ,  Low  ,Agri dept  ,"78.094,18.672",
,Warangal Andhra Pradesh ,25-09-2013   ,Maize   ,    Stem borer leaf blight  ,  Low  ,Agri dept  ,"79.58,18",
,Khammam Andhra Pradesh  ,25-09-2013   ,Maize   ,    Stem borer leaf blight  ,  Low  ,Agri dept  ,"80.15,17.25",
,Ganganagar Rajasthan    ,14-09-2013   ,Cotton   ,   White fly   ,  Mild ,Newspaper report  (Tribune)  ,"73.88,29.92",
,Nizamabad Andhra Pradesh    ,11-09-2013   ,Maize   ,    Stem borer  ,  Mild ,"Agri Dept, AP  ","78.094,18.672",
Tanuku,West Godavari Andhra Pradesh   ,11-09-2013   ,Sugarcane   ,    Rodent  damage  ,  Mild ,"Agri Dept, AP  ","81.7,16.75",
,Chitradurga Karnataka   ,28-09-2013   ,Onion   ,    Thrips  ,   ,CRIDA ,"76.4,14.23",
,Hassan Karnataka    ,26-09-2013   ,Maize   ,    Stem borer  ,  Low  ,ICAR report  ,"76.1,13.06",
,Palakkad Kerala ,01-09-2013   ,Paddy   ,    Brown Plant Hopper  ,  Moderate ,ppqs.gov.in  ,"76.5544,10.7893",
,Palakkad Kerala ,01-09-2013   ,Paddy   ,    Bacterial leaf Blight   ,  Moderate ,ppqs.gov.in  ,"76.5544,10.7893",
,Bhiwani Haryana ,01-11-2013   ,Guar   , Bacterial leaf Spot ,  Moderate ,ppqs.gov.in  ,"75.9603,28.7234",
,Palakkad Kerala ,01-09-2013   ,Paddy   ,    Brown spot  ,  Low to Moderate  ,ppqs.gov.in  ,"76.5544,10.7893",
,Kozikhode Kerala    ,28-09-2013   ,Coconut   ,  Red palm weevil & stem bleeding     ,   ,CRIDA ,"75.77,11.25",
,Mallapuram Kerala   ,28-09-2013   ,Coconut   ,  Red palm weevil & stem bleeding     ,   ,CRIDA ,"76.083,11.041",
,Kannur Kerala   ,28-09-2013   ,Coconut   ,  Red palm weevil & stem bleeding     ,   ,CRIDA ,"74.9,12.87",
,Dharwad Karnataka   ,28-09-2013   ,Onion   ,    Thrips  ,   ,CRIDA ,"75.0061,15.4575",
,Gadag  Karnataka    ,28-09-2013   ,Onion   ,    Thrips  ,   ,CRIDA ,"75.6167,15.4167",
,Western districts Uttar Pradesh ,28-09-2013   ,Okra   , Fruit borer ,   ,CRIDA ,"80.91,26.85",
,Balasore Orissa ,28-09-2013   ,Jute   , Semi looper     ,   ,CRIDA ,"86.93,21.49",
Nagpur & Amravati, <brVidarbha Maharashtra   ,28-09-2013   ,Cotton   ,   Sap sucking pests   ,  High ,CRIDA ,"78.9053,19.8839",
,Udipi Karnataka ,08-09-2013   ,Arecanut   , Druit   ,  High ,Hindu businessline  ,"74.7451,13.3389",
,Shimoga Karnataka   ,08-09-2013   ,Arecanut   , Druit   ,  High ,Hindu businessline  ,"75.5667,13.9167",
,Solapur Maharashtra ,28-09-2013   ,Soyabean   , Spodoptera  ,  Mild ,CRIDA ,"75.92,17.68",
,Solapur Maharashtra ,28-09-2013   ,Sunflower   ,    Leaf eating caterpillar ,  Mild ,CRIDA ,"75.92,17.68",
,Palakkad Kerala ,28-09-2013   ,Paddy   ,"    blue beetle, blast, brown spot and rice bug ",  Mild ,CRIDA ,"76.65,10.77",
,Hisar Haryana   ,28-09-2013   ,Cotton   ,   Jassids & white fly ,  Mild ,CRIDA ,"75.7,29.15",
,Warangal Andhra Pradesh ,25-09-2013   ,Paddy   ,    Stem borer Hispa    ,  Low  ,Agri dept  ,"79.58,18",
,Kodagu Karnataka    ,26-09-2013   ,Maize   ,    Stem borer  ,  Low  ,ICAR report  ,"75.7397,12.4208",
,Bijapur Karnataka   ,26-09-2013   ,Sunflower   ,    Leaf caterpillars   ,  Low  ,ICAR report  ,"75.71,16.83",
,Bidar Karnataka ,26-09-2013   ,Sunflower   ,    Leaf caterpillars   ,  Low  ,ICAR report  ,"77.519,17.915",
, Karnataka  ,28-09-2013   ,Ragi   , Leaf blast  ,  Low  ,CRIDA ,"77.5603,12.9702",
,Khammam Andhra Pradesh  ,25-09-2013   ,Green gram   ,   Spodoptera aphids YMV   ,  Low  ,Agri dept  ,"80.15,17.25",
,Ranchi Jharkhand    ,11-09-2013   ,Paddy   ,"    Stem borer, Hispa   ",  Low  ,Krishi darshan News  ,"85.33,23.35",
,Allapuzha Kerala    ,14-09-2013   ,Paddy   ,    Leaf folder and rice bugs   ,  Mild ,www.indiaenvironmentportal.org.in   ,"76.33,9.49",
"Kuttanod, Chittur, Alathur, Kuzhalmannam, Kollengode, Nenmara",", Alathur, Kuzhalmannam, Kollengode, Nenmara <brAllapuzha Kerala   ",26-09-2013   ,Paddy   ,    Leaf folder stem caterpillar rice bug   ,  Moderate ,ICAR-advisory report  ,"76.33,9.49",
,Surat Gujarat   ,22-09-2013   ,Cotton   ,   Aphids and Jassids  ,  Moderate ,CICR rep dt,"72.83,21.17",
Dabwali,Sirsa Haryana  ,13-09-2013   ,Cotton   ,   Cotton leaf curl virus  ,  Moderate ,ipmweb.dacnet.nic.in  ,"75,29.53",
,Adilabad Andhra Pradesh ,11-09-2013   ,Cotton   ,   Spodoptera caterpillar  ,  Moderate ,"Agri Dept, AP  ","78.5333,19.6667",
"Kanatapara, Soro and Belpada", and Belpada <brBalangir Orissa    ,23-09-2013   ,Paddy   ,    Sucking pests   ,  Low  ,Indian express  ,"83.48,20.72",
,Pilibhit Uttar Pradesh  ,26-09-2013   ,Paddy   ,    BPH ,  Low to Moderate  ,ICAR report  ,"79.8724,28.6497",
,Bareilly Uttar Pradesh  ,26-09-2013   ,Paddy   ,    BPH ,  Low to Moderate  ,ICAR report  ,"79.415,28.364",
,Rampur Uttar Pradesh    ,26-09-2013   ,Paddy   ,    BPH ,  Low to Moderate  ,ICAR report  ,"79,28.8",
,Bahraich Uttar Pradesh  ,26-09-2013   ,Paddy   ,    BPH ,  Low to Moderate  ,ICAR report  ,"81.6,27.58",
,Bahraich Uttar Pradesh  ,26-09-2013   ,Maize   ,    Stem borer  ,  Low to Moderate  ,ICAR report  ,"81.6,27.58",
,Gonda Uttar Pradesh ,26-09-2013   ,Maize   ,    Stem borer  ,  Low to Moderate  ,ICAR report  ,"82,27.25",
,Bulandshaher Uttar Pradesh  ,26-09-2013   ,Maize   ,    Stem borer  ,  Low to Moderate  ,ICAR report  ,"77.85,28.4",
"Kuttanod, Chittur, Alathur, Kuzhalmannam, Kollengode, Nenmara",", Alathur, Kuzhalmannam, Kollengode, Nenmara <brPalakkad Kerala    ",26-09-2013   ,Paddy   ,    Leaf folder stem caterpillar rice bug   ,  Moderate ,ICAR-advisory report  ,"76.65,10.77",
,Kannur Kerala   ,26-09-2013   ,Coconut   ,  Red palm weevil ,  Moderate ,ICAR-advisory report  ,"74.9,12.87",
,Vidarbha Maharashtra    ,28-09-2013   ,Castor   ,   Semi-looper ,  Moderate ,CRIDA ,"78.9053,19.8839",
,Kozikhode Kerala    ,26-09-2013   ,Coconut   ,  Red palm weevil ,  Moderate ,ICAR-advisory report  ,"75.77,11.25",
"Agroha, Barwala", <brHisar Haryana  ,13-09-2013   ,Cotton   ,   Cotton leaf curl virus  ,  Moderate ,ipmweb.dacnet.nic.in  ,"75.63,29.33",
Dhangal,Fatehabad Haryana  ,13-09-2013   ,Cotton   ,   Cotton leaf curl virus  ,  Moderate ,ipmweb.dacnet.nic.in  ,"75.45,29.52",
"Julana, Jind", <brJind Haryana   ,13-09-2013   ,Cotton   ,   Cotton leaf curl virus  ,  Moderate ,ipmweb.dacnet.nic.in  ,"76.3167,29.316",
,Pilibhit Uttar Pradesh  ,28-09-2013   ,Paddy   ,    BPH & Green Hopper  ,  Low to Moderate  ,CRIDA ,"79.8724,28.6497",
,Cuttack Orissa  ,28-09-2013   ,Jute   , Semi looper     ,   ,CRIDA ,"85.52,20.27",
"Kanatapara, Soro and Belpada", and Belpada <brCuttack Orissa ,23-09-2013   ,Paddy   ,    Sucking pests   ,  Low  ,Indian express  ,"85.52,20.27",
"Kanatapara, Soro and Belpada", and Belpada <brBalasore Orissa    ,23-09-2013   ,Paddy   ,    Sucking pests   ,  Low  ,Indian express  ,"86.93,21.49",
,Kalahandi Orissa    ,28-09-2013   ,Banana   ,"   Wilt, banana aphid, leaf spot disease & nematode infestation    ",   ,CRIDA ,"83.2,20.083",
,Mallapuram Kerala   ,08-09-2013   ,Arecanut   , Fruit rot   ,  High ,Hindu businessline  ,"76.083,11.041",
,Mirzapur Uttar Pradesh  ,26-09-2013   ,Okra   , Fruit borer ,  Low  ,ICAR report  ,"82.6,25.15",
,Hassan Karnataka    ,28-09-2013   ,Maize   ,    Stem borer  ,   ,CRIDA ,"76.1,13.06",
,Dakshin kannada Karnataka   ,08-09-2013   ,Arecanut   , Druit   ,  High ,Hindu businessline  ,"75.3,12.6",
,Uttar kannada Karnataka ,08-09-2013   ,Arecanut   , Druit   ,  High ,Hindu businessline  ,"74.7,14.6",
,Vizianagaram Andhra Pradesh ,25-09-2013   ,Sesames   ,  Pod borer   ,  Low  ,Agri dept  ,"83.42,18.12",
,Khammam Andhra Pradesh  ,25-09-2013   ,Black Gram   ,   Spodoptera  & Aphids    ,  Low  ,Agri dept  ,"80.15,17.25",
,Ernakulam Kerala    ,28-09-2013   ,Paddy   ,"    blue beetle, blast, brown spot and rice bug ",  Mild ,CRIDA ,"76.28,9.98",
,Kozikhode Kerala    ,28-09-2013   ,Paddy   ,"    blue beetle, blast, brown spot and rice bug ",  Mild ,CRIDA ,"75.77,11.25",
,Trichur Kerala  ,28-09-2013   ,Paddy   ,"    blue beetle, blast, brown spot and rice bug ",  Mild ,CRIDA ,"76.21,10.52",
,Aligarh Uttar Pradesh   ,28-09-2013   ,Paddy   ,    BPH & Green Hopper  ,  Low to Moderate  ,CRIDA ,"78.08,27.88",
,Moradabad Uttar Pradesh ,28-09-2013   ,Paddy   ,    BPH & Green Hopper  ,  Low to Moderate  ,CRIDA ,"78.78,28.83",
,Ghaziabad Uttar Pradesh ,26-09-2013   ,Okra   , Fruit borer ,  Low  ,ICAR report  ,"77.42,28.67",
,Trichur Kerala  ,08-09-2013   ,Arecanut   , Fruit rot   ,  High ,Hindu businessline  ,"76.21,10.52",
,Gulbarga Karnataka  ,28-09-2013   ,Sunflower   ,    Leaf eating caterpillars    ,  Low  ,CRIDA ,"76.833,17.333",
,Midnapur West Bengal    ,28-09-2013   ,Paddy   ,    Brown spot  ,  Low  ,CRIDA ,"87.319,22.424",
,Burdhaman West Bengal   ,28-09-2013   ,Paddy   ,    Brown spot  ,  Low  ,CRIDA ,"87.8608,23.2383",
,Guntur Andhra Pradesh   ,22-09-2013   ,Cotton   ,   Boll worm   ,  Mild ,CICR rep dt,"80.44,16.3",
,Akola Maharashtra   ,22-09-2013   ,Cotton   ,   Aphids and Jassids  ,  Low  ,CICR rep dt,"77,20.7",
,Khammam Andhra Pradesh  ,25-09-2013   ,Red gram   , Aphid   ,  Low  ,Agri dept  ,"80.15,17.25",
,Prakasam Andhra Pradesh ,22-09-2013   ,Cotton   ,   Boll worm   ,  Mild ,CICR rep dt,"80.05,15.5",
,Khammam Andhra Pradesh  ,25-09-2013   ,Groundnut   ,    Leaf webber & spodoptera    ,  Low  ,Agri dept  ,"80.15,17.25",
,Nalgonda Andhra Pradesh ,25-09-2013   ,Groundnut   ,    Spodoptera aphids YMV   ,  Low  ,Agri dept  ,"79.27,17.05",
,Krishna Andhra Pradesh  ,22-09-2013   ,Cotton   ,   Boll worm   ,  Mild ,CICR rep dt,"81.13,16.17",
,Bulandshahr Uttar Pradesh   ,05-10-2013   ,Maize   ,    Stem Borer  ,  Low  ,crida report  ,"77.9992,28.3667",
,Farrukhabad Uttar Pradesh   ,05-10-2013   ,Maize   ,    Stem Borer  ,  Low  ,crida report  ,"79.4515,27.4363",
,Kanpur Uttar Pradesh    ,05-10-2013   ,Cotton   ,   Sap sucking pest    ,  Low  ,crida report  ,"80.321,26.3803",
,Agra Uttar Pradesh  ,05-10-2013   ,Cotton   ,   Sap sucking pest    ,  Low  ,crida report  ,"78.0657,27.0052",
,Raichur Karnataka   ,05-10-2013   ,Cotton   ,   Sap sucking pest    ,  Low to Moderate  ,Crida report  ,"76.8906,16.0869",
,Bidar Karnataka ,05-10-2013   ,Maize   ,    Stem Borer  ,  Low  ,Crida report  ,"77.2241,17.9501",
,Gulbarga Karnataka  ,05-10-2013   ,Maize   ,    Stem Borer  ,  Low to Moderate  ,Crida report  ,"76.8818,17.0526",
,Durg Chhattisgarh   ,05-10-2013   ,Paddy   ,    Rice Blast  ,  Low  ,Crida report  ,"81.3467,21.1894",
,Raipur Chhattisgarh ,05-10-2013   ,Paddy   ,    WBPH    ,  Low to Moderate  ,Crida report  ,"82.1683,21.0687",
,Bilaspur Chhattisgarh   ,05-10-2013   ,Paddy   ,    Hipsa   ,  Low to Moderate  ,Crida report  ,"81.9559,22.3451",
,Janjgir- Champa Chhattisgarh    ,05-10-2013   ,Paddy   ,    Stem Borer  ,  Low to Moderate  ,Crida report  ,"82.7307,21.9244",
,Dhamtari Chhattisgarh   ,05-10-2013   ,Paddy   ,    Leaf folder ,  Low to Moderate  ,Crida report  ,"81.803,20.5539",
Miryalaguda,Nalgonda Andhra Pradesh    ,13-09-2013   ,Paddy   ,"    Gall midge, Caseworm    ",  Severe   ,DRR Pest Survey Report  ,"79.2815,17.0619",
Ragolu,Srikakulam Andhra Pradesh  ,17-09-2013   ,Paddy   ,    Stem Borer  ,  Low to Moderate  ,DRR Pest Survey Report  ,"83.9819,18.5754",
GARIYABAND,Raipur Chhattisgarh    ,10-09-2013   ,Paddy   ,    Gall midge  ,  Moderate ,DRR Pest Survey Report  ,"82.0653,20.6327",
Sanadra,Kheda Gujarat  ,16-09-2013   ,Paddy   ,    Leaf folder & leaf mite     ,  Mild ,DRR Pest Survey Report  ,"73.2678,22.8807",
Bharwana,Kangra Himachal Pradesh    ,15-09-2013   ,Paddy   ,    Hipsa   ,  Moderate ,DRR Pest Survey Report  ,"76.5812,32.055",
Khunti,Ranchi Jharkhand   ,12-09-2013   ,Paddy   ,    Gundhi bug & YSB    ,  Moderate ,DRR Pest Survey Report  ,"83.9711,21.3629",
Mumtazpur,Gurgaon Haryana    ,11-09-2013   ,Paddy   ,    BPH ,  Severe   ,DRR Pest Survey Report  ,"76.7837,28.2883",
Rajpur,Gurgaon Haryana    ,11-09-2013   ,Paddy   ,    BPH ,  Severe   ,DRR Pest Survey Report  ,"73.6076,19.0927",
Ghaghraghat,Bahraich Uttar Pradesh ,10-09-2013   ,Paddy   ,"    Termite, whorl maggot & gundhi bug  ",  Mild to moderate ,DRR Pest Survey Report  ,"81.4123,27.7403",
Bahalda,Boudh Orissa   ,05-10-2013   ,Brinjal    , Fruit & shoot Borer ,  Mild to moderate ,farmnest  ,"84.1707,20.6414",
,Shimoga Karnataka   ,11-09-2013   ,Banana   ,   Caterpillar ,  Low to Moderate  ,farmnest  ,"75.1761,14.0523",
,Idukki Kerala   ,02-10-2013   ,cardamom   , Root grub   ,  Low to Moderate  ,farmnest  ,"77.023,9.87307",
Bhawanipatna,Kalahandi Orissa   ,09-10-2013   ,Paddy   ,    Stem Borer  ,  Moderate to High ,PTI  ,"83.1667,19.8776",
Jaipatna,Kalahandi Orissa   ,09-10-2013   ,Paddy   ,    Sheat Blight    ,  Moderate to High ,PTI  ,"83.1021,19.8617",
Junagarh,Kalahandi Orissa   ,09-10-2013   ,Paddy   ,    Brown Plant Hopper  ,  Moderate to High ,PTI  ,"82.9353,19.8587",
Koksara,Kalahandi Orissa   ,09-10-2013   ,Paddy   ,    Leaf folder ,  Moderate to High ,PTI  ,"82.7098,19.6683",
Kesinga,Kalahandi Orissa   ,09-10-2013   ,Paddy   ,    Rice Blast  ,  Moderate ,PTI  ,"83.2157,20.1828",
Narla,Kalahandi Orissa   ,09-10-2013   ,Paddy   ,    Case worm   ,  Mild to moderate ,PTI  ,"83.3866,20.0571",
,Raipur Chhattisgarh ,05-10-2013   ,Paddy   ,    Maho & Blast    ,  Mild to moderate ,"Newspaper,Magazine,Report  ","82.1683,21.0687",
,Raipur Chhattisgarh ,18-10-2013   ,Banana   ,   Wiered worms    ,  Moderate ,Farmnest  ,"82.1683,21.0687",
,Kalahandi Orissa    ,09-10-2013   ,Cotton   ,   White fly   ,  Moderate to High ,PTI  ,"83.1021,19.8617",
,Kalahandi Orissa    ,09-10-2013   ,Leafy Vegetables   , Leafy Minor & Mealy Bug ,  Low  ,PTI  ,"83.1021,19.8617",
Bhimapar,Ghazipur Uttar Pradesh ,25-09-2013   ,Paddy   ,    Stem Borer  ,  Low  ,Online report  ,"83.5489,25.6238",
rangayapalem,Prakasam Andhra Pradesh    ,09-09-2013   ,Groundnut   ,    cercospora sp   ,  Low to Moderate  ,pest suveillance  ,"79.5099,15.6113",
,Indore Madhya Pradesh   ,02-10-2013   ,Soyabean   , Cowpea Mottle   ,  Mild ,The Plant Health News  ,"75.7814,22.7163",
,Thiruvananthapuram Kerala   ,07-10-2013   ,Paddy   ,    Leaf folder ,  High ,"Newspaper,Magazine,Report  ","77.0116,8.60229",
,Nagpur Maharashtra  ,24-10-2013   ,Cotton   ,   Sap sucking pest    ,  Moderate ,CRIDA Report  ,"79.0826,21.1778",
,Wardha Maharashtra  ,24-10-2013   ,Red gram   , Leaf roller ,  Moderate ,Online report  ,"78.5827,20.7963",
,Akola Maharashtra   ,24-10-2013   ,Red gram   , Leaf Roller ,  Moderate ,Online report  ,"77.0446,20.7503",
,Raipur Chhattisgarh ,24-10-2013   ,Paddy   ,"    Stem Borer, Hispa,Leaf Blast    ",  Low  ,CRIDA  report  ,"82.1683,21.0687",
,Raj Nandgaon Chhattisgarh   ,24-10-2013   ,Paddy   ,"    Leaf folder, stem Borer,Hispa & Grass Hopper    ",  Low  ,CRIDA  report  ,"80.8174,21.0373",
,Nasik Maharashtra   ,24-10-2013   ,Brinjal    , Spider Mite ,  Low  ,Farmnest.com  ,"74.0744,20.2613",
,Jalgaon Maharashtra ,28-10-2013   ,Jowar   ,    Shoot fly & Stem Borer  ,  Mild ,,"75.4902,20.9363",
,Buldana Maharashtra ,28-10-2013   ,Jowar   ,    Stem Borer & Shoot fly  ,  Mild ,,"76.4041,20.5096",
,Ahmednagar Maharashtra  ,28-10-2013   ,Gram   , Pod borer   ,  Mild ,Online report  ,"74.6455,19.2332",
,Buldana Maharashtra ,28-10-2013   ,Red gram   , Leaf Roller ,  Low to Moderate  ,Online report  ,"76.4041,20.5096",
,Ghaziabad Uttar Pradesh ,28-10-2013   ,Paddy   ,"    Shoot Borer, Army worm & Gundhibug  ",  Low  ,Online report  ,"77.6978,28.7444",
,Gautam Buddha Nagar Uttar Pradesh   ,28-10-2013   ,Paddy   ,"    Shoot Borer, Armyworm & gundhibug   ",  Low to Moderate  ,Online report  ,"77.5407,28.3968",
,Bulandshahr Uttar Pradesh   ,28-10-2013   ,Paddy   ,"    Shoot Borer, Army worm & gundhibug  ",  Low  ,Online report  ,"77.9992,28.3667",
,Jalaun Uttar Pradesh    ,28-10-2013   ,Jowar   ,    Mite    ,  Low  ,Online report  ,"79.384,26.0951",
,Hamirpur Uttar Pradesh  ,28-10-2013   ,Jowar   ,    Mite    ,  Low  ,Online report  ,"76.511,31.6705",
,Ghaziabad Uttar Pradesh ,28-10-2013   ,Brinjal    , Fruit borer ,  Mild ,Online report  ,"77.6978,28.7444",
,Shahjahanpur Uttar Pradesh  ,28-10-2013   ,Paddy   ,    Gundhi bug and leaf folder  ,  Mild ,Online report  ,"79.8343,27.9817",
,Ghazipur Uttar Pradesh  ,28-10-2013   ,Paddy   ,    Gundhi bug and leaf folder  ,  Mild ,Online report  ,"83.5489,25.6238",
,Varanasi Uttar Pradesh  ,28-10-2013   ,Paddy   ,    Gundhi bug and leaf folder  ,  Low to Moderate  ,Online report  ,"82.909,25.3906",
,Raichur Karnataka   ,28-10-2013   ,Cotton   ,   Sap sucking pest    ,  Moderate ,Online report  ,"76.8906,16.0869",
,Bellary Karnataka   ,28-10-2013   ,Cotton   ,   Sap sucking pest    ,  Moderate ,Online report  ,"76.5314,15.1073",
,Belgaum Karnataka   ,28-10-2013   ,Onion   ,    Thrips  ,  Low  ,Online report  ,"74.8249,16.1201",
,Gadag Karnataka ,28-10-2013   ,Onion   ,    Thrips  ,  Low to Moderate  ,Online report  ,"75.6667,15.4278",
,Nagapattinam Tamil Nadu ,28-10-2013   ,Coconut   ,  Eriophid Mite   ,  Low to Moderate  ,Online report  ,"79.7357,10.8499",
,Tirunelveli Tamil Nadu  ,28-10-2013   ,Coconut   ,  Coconut leaf beetle ,  Low  ,Online report  ,"77.5304,8.78558",
,Coimbatore Tamil Nadu   ,28-10-2013   ,Sugarcane   ,    Red Rot ,  Low  ,Online report  ,"77.0763,10.8432",
,Tiruvannamalai Tamil Nadu   ,28-10-2013   ,Sugarcane   ,    Top borer   ,  Low to Moderate  ,Online report  ,"79.1545,12.4187",
,Madurai Tamil Nadu  ,28-10-2013   ,Paddy   ,    Leaf folder ,  Low  ,Online report  ,"77.9896,9.90989",
,Raigarh Chhattisgarh    ,28-10-2013   ,Paddy   ,"    Leaf folder, Stem borer, Hispa & leaf Blast ",  Low  ,Online report  ,"83.2995,22.0833",
,Raipur Chhattisgarh ,28-10-2013   ,Paddy   ,"    Leaf folder, Stem borer, Hispa & leaf Blast ",  Low  ,Online report  ,"82.1683,21.0687",
,Bilaspur Chhattisgarh   ,28-10-2013   ,Paddy   ,"    Leaf folder, Stem borer, Hispa & leaf Blast ",  Low  ,Online report  ,"81.9559,22.3451",
,Jammu Jammu Kashmir ,28-10-2013   ,Paddy   ,"    False smut, Bacterial leaf blight & Brown spot  ",  Moderate ,Online report  ,"74.8353,32.7403",
,Dharmapuri Tamil Nadu   ,28-10-2013   ,Groundnut   ,    Leaf Minor  ,  Low  ,Online report  ,"78.1869,12.0922",
,Cuttack Orissa  ,28-10-2013   ,Paddy   ,"    Stem Borer, leaf folder, Sheath rot & Blight    ",  Mild ,,"85.6985,20.4436",
,Kalahandi Orissa    ,09-10-2013   ,Red gram   , Aphids and Jassids  ,  Low to Moderate  ,PTI  ,"83.1021,19.8617",
,Wardha Maharashtra  ,28-10-2013   ,Cotton   ,   Boll worm   ,  Moderate ,Online report  ,"78.5827,20.7963",
,Amravati Maharashtra    ,24-10-2013   ,Cotton   ,   Boll worm   ,  Moderate ,CRIDA Report  ,"77.5694,21.1896",
,West Midnapore West Bengal  ,28-10-2013   ,Paddy   ,    Brown spot  ,  Moderate ,Online report  ,"87.2642,22.4122",
,Tiruchchirappalli Tamil Nadu    ,28-10-2013   ,Coconut   ,  Wilt    ,  Mild to moderate ,Online report  ,"78.5549,10.8767",
,Puri Orissa ,28-10-2013   ,Paddy   ,"    Stem Borer, leaf folder, Sheath rot & Blight    ",  Low  ,Online report  ,"85.7022,19.8666",
,Bolangir Orissa ,28-10-2013   ,Cotton   ,"   Sap sucking pest, spotted bollworm & leaf spot  ",  Low  ,Online report  ,"83.1666,20.5859",
,Koraput Orissa  ,28-10-2013   ,Paddy   ,"    Sap sucking pest, spotted bollworm & leaf spot  ",  Low  ,Online report  ,"82.7079,18.8148",
,Kalahandi Orissa    ,28-10-2013   ,Cotton   ,"   Sap sucking pest, spotted bollworm & leaf spot  ",  Low to Moderate  ,Online report  ,"83.1021,19.8617",
,Phulbani- Kandhamal Orissa  ,28-10-2013   ,Cotton   ,"   Sap sucking pest, spotted bollworm & leaf spot  ",  Low to Moderate  ,Online report  ,"84.0401,20.1226",
,Ernakulam Kerala    ,28-10-2013   ,Paddy   ,    Leaf folder & Stem Borer    ,  Moderate ,Online report  ,"76.4654,10.0521",
Pattambi,Palakkad Kerala    ,28-10-2013   ,Paddy   ,    Leaf folder & Stem Borer    ,  Moderate ,Online report  ,"76.1846,10.8005",
,Kollam Kerala   ,28-10-2013   ,Coconut   ,  Leaf eating caterpillar & Bud rot   ,  Moderate ,Online report  ,"76.8738,8.95293",
,Thiruvananthapuram Kerala   ,28-10-2013   ,Coconut   ,  Leaf eating caterpillar & Bud rot   ,  Moderate ,Online report  ,"77.0116,8.60229",
,Puri Orissa ,28-09-2013   ,Jute   , Semi looper     ,   ,CRIDA ,"85.8418,19.8134",
Lakshmipuram,Nalgonda Andhra Pradesh    ,10-10-2013   ,Paddy   ,    Brown Plant Hopper  ,  Severe   ,www.drricar.org  ,"79.2815,17.0619",
,Nellore Andhra Pradesh  ,01-10-2013   ,Paddy   ,    stem borer and gall midge   ,  Mild to moderate ,www.drricar.org  ,"79.7344,14.4089",
"Jalumuru, Saravakota, Amadalavalasa",", Amadalavalasa  <brSrikakulam Andhra Pradesh  ",18-10-2013   ,Paddy   ,    Plant hoppers   ,  Moderate to severe   ,www.drricar.org  ,"83.9819,18.5754",
"Ambaliara, Kauth-Gangad, Khanpur, Dashkroi",#NAME?,03-10-2013   ,Paddy   ,    WBPH & Yellow Stem Borer    ,  Moderate ,www.drricar.org  ,"72.2034,22.7273",
Silli & Sonahatu,  <brRanchi Jharkhand  ,10-10-2013   ,Paddy   ,"    Termite, YSB,  leaf folder, gall midge, gundhi bug, GLH, caseworm   ",  Mild to moderate ,www.drricar.org  ,"85.3314,23.2114",
"Kombanathuruthu, Puthenkari, Valiyakari, Kumbanji, Anjadipadam",", Valiyakari, Kumbanji, Anjadipadam <brAllaphuzha Kerala   ",15-11-2013   ,Paddy   ,    BPH and leaf folder ,  Severe   ,www.drricar.org  ,"76.4408,9.43083",
Wangbal,Thoubal Manipur    ,05-11-2013   ,Paddy   ,"    Stem borer, gundhi bug, BPH ",  Mild ,www.drricar.org  ,"93.9735,24.5361",
Harewali,Delhi Delhi    ,10-11-2013   ,Paddy   ,    Brown Plant Hopper  ,  Severe   ,www.drricar.org  ,"77.1167,28.6435",
"Barole, Akna, Sonatikuri",", Sonatikuri <brHugli West Bengal  ",04-11-2013   ,Paddy   ,"    Mealy bug, mite ",  Severe   ,www.drricar.org  ,"88.0759,22.8816",
,Jammu Jammu Kashmir ,04-11-2013   ,Toria   ,    Flea beetle ,  Moderate ,CRIDA Report  ,"74.8353,32.7403",
Kumilt-Thodupuzha, <brIdukki Kerala  ,04-11-2013   ,Pepper   ,   Pollu Beetle    ,  Moderate ,Online report  ,"77.023,9.87307",
,Pattanamtitta Kerala    ,02-11-2013   ,Rubber   ,   Fungal disease  ,  Mild to moderate ,Online report  ,"76.9174,9.2748",
,Raipur Chhattisgarh ,02-11-2013   ,Banana   ,   Skipper caterpillar ,  Low to Moderate  ,Farmnest  ,"82.1683,21.0687",
,Ludhiana Punjab ,02-11-2013   ,Basmati Rice   , Thrips & Leaf folder    ,  Mild to moderate ,Online report  ,"75.8241,30.8107",
,Nagaon Assam    ,10-10-2013   ,Jute   , Green Hairy caterpillar ,  Mild to moderate ,Online report  ,"92.8416,26.2255",
,Barpeta Assam   ,10-10-2013   ,Jute   , Green Hairy caterpillar ,  Moderate ,Online report  ,"91.0259,26.4396",
Matti,Udupi Karnataka    ,23-10-2013   ,Brinjal    , Shoot and Fruit borer   ,  Mild ,Online report  ,"74.8825,13.4648",
Hiriyur & Chitradurga, <brChitradurga Karnataka  ,16-10-2013   ,Pomegranate   ,  Leaf footed Bug ,  Moderate ,Indian Express  ,"76.6167,14.1669",
"Vidapanakal, Vajrakarur, Gooty, Yellanur, Madakasira & Putlur mandals",", Gooty, Yellanur, Madakasira & Putlur mandals <brAnantapur Andhra Pradesh ",03-11-2013   ,Bengal gram   ,  Spodoptera spp. ,  Mild ,Online report  ,"77.5722,14.4795",
"Tadipatri, Yellanur, Peddavadaguru, Peddapappur, Gooty & D Hirehal mandals",", Peddavadaguru, Peddapappur, Gooty & D Hirehal mandals <brAnantapur Andhra Pradesh    ",03-11-2013   ,Cotton   ,"   Mealy Bug, whitefly & sap sucking pest  ",  Mild ,Online report  ,"77.5722,14.4795",
,Anantapur Andhra Pradesh    ,03-11-2013   ,Castor   ,   Botrytis rot & Capsule borer    ,  Low  ,Online report  ,"77.5722,14.4795",
Garladinne Mandal,brAnantapur Andhra Pradesh ,03-11-2013   ,Paddy   ,    Brown Plant Hopper  ,  Moderate ,Online report  ,"77.5722,14.4795",
Kalyandurg Mandal,brAnantapur Andhra Pradesh ,03-11-2013   ,Citrus   ,   Leaf Minor  ,  Moderate to High ,Online report  ,"77.5722,14.4795",
Yellanuru & Putluru Mandals, Mandals <brAnantapur Andhra Pradesh   ,03-11-2013   ,Cluster bean   , Shoot and Fruit borer   ,  Low to Moderate  ,Online report  ,"77.5722,14.4795",
Kalyandurg Division,brAnantapur Andhra Pradesh ,03-11-2013   ,Brinjal    , Shoot and Fruit borer   ,  Mild ,Online report  ,"77.5722,14.4795",
,Kurnool Andhra Pradesh  ,04-11-2013   ,Bengal gram   ,  Spodoptera  ,  Low  ,IMD report  ,"78.0008,15.529",
"Koilkuntla, Allagadda & Nandyal Mandals", & Nandyal Mandals <brKurnool Andhra Pradesh   ,04-11-2013   ,Paddy   ,"    BPH, Blast & Sheath Blight  ",  Mild ,IMD report  ,"78.0008,15.529",
,Kurnool Andhra Pradesh  ,04-11-2013   ,Groundnut   ,    Late leaf spot  ,  Low to Moderate  ,IMD report  ,"78.0008,15.529",
,Kurnool Andhra Pradesh  ,04-11-2013   ,Red gram   , Leaf folder ,  Mild ,Online report  ,"78.0008,15.529",
,Kurnool Andhra Pradesh  ,04-11-2013   ,BT Cotton   ,    Sap sucking pest    ,  Mild ,Agri dept  ,"78.0008,15.529",
"Banaganapalle, Avuku & Nandyal Mandals", & Nandyal Mandals <brKurnool Andhra Pradesh   ,04-11-2013   ,Cotton   ,   Mealy Bug   ,  Moderate ,Agri dept  ,"78.0008,15.529",
,Kurnool Andhra Pradesh  ,04-11-2013   ,Castor   ,   Tobacco cut worm & Semi-looper  ,  Low to Moderate  ,Agri dept  ,"78.0008,15.529",
,Kurnool Andhra Pradesh  ,05-11-2013   ,Sugarcane   ,    Mealy Bug   ,  Mild ,Online report  ,"78.0008,15.529",
,Kurnool Andhra Pradesh  ,05-11-2013   ,Maize   ,    Rust    ,  Low  ,Online report  ,"78.0008,15.529",
,Kurnool Andhra Pradesh  ,05-11-2013   ,Chilli   ,   Mite    ,  Low to Moderate  ,Online report  ,"78.0008,15.529",
,Kurnool Andhra Pradesh  ,05-11-2013   ,Okra   , Shoot and Fruit borer   ,  Low to Moderate  ,Online report  ,"78.0008,15.529",
,Kurnool Andhra Pradesh  ,05-11-2013   ,Banana   ,   Leaf spot/Sigatoka  ,  Mild ,Online report  ,"78.0008,15.529",
,Kurnool Andhra Pradesh  ,05-11-2013   ,Turmeric   , Leaf spot   ,  Low  ,Online report  ,"78.0008,15.529",
,Kapurthala Punjab   ,02-11-2013   ,Sugarcane   ,    Leaf Hopper ,  Moderate ,Online report  ,"75.3898,31.3548",
Bhawanipatna,Kalahandi Orissa   ,02-11-2013   ,Vegetables   ,   Mealy Bug   ,  Low  ,Agri dept  ,"83.1667,19.8776",
,Akola Maharashtra   ,08-11-2013   ,Red gram   , Leaf roller ,  Mild to moderate ,,"77.0446,20.7503",
,Firozabad Uttar Pradesh ,08-11-2013   ,Jowar   ,    Ear Head & Mites    ,  Mild ,Online report  ,"78.4567,27.206",
,Ghaziabad Uttar Pradesh ,08-11-2013   ,Brinjal    , Fruit Borer ,  Low  ,Online report  ,"77.6978,28.7444",
,Mirzapur Uttar Pradesh  ,08-11-2013   ,Sugarcane   ,    Redrot  ,  Low  ,Online report  ,"82.6121,24.9885",
,Muzaffarnagar Uttar Pradesh ,08-11-2013   ,Red gram   , Leaf Roller ,  Low to Moderate  ,Online report  ,"77.5863,29.4435",
,South 24 Parganas West Bengal   ,08-11-2013   ,Paddy   ,    Brown spot  ,  Moderate ,Online report  ,"88.4014,22.0508",
,Pudukkottai Tamil Nadu  ,08-11-2013   ,Paddy   ,    Leaf folder ,  Low  ,Online report  ,"78.8665,10.3422",
,Allaphuzha Kerala   ,08-11-2013   ,Rubber   ,   Fungal disease  ,  Moderate ,Online report  ,"76.4408,9.43083",
,Kathua Jammu Kashmir    ,08-11-2013   ,Toria   ,    Flea beetle ,  Moderate ,Online report  ,"75.5633,32.5731",
,Raipur Chhattisgarh ,08-11-2013   ,Paddy   ,    Grass hopper    ,  Low  ,Online report  ,"82.1683,21.0687",
,Jorhat Assam    ,24-09-2013   ,Paddy   ,    Stem borer and Gundhi   ,  Mild to moderate ,Online report  ,"94.2753,26.7934",
,Golaghat Assam  ,24-09-2013   ,Paddy   ,    Gundhi bug and leaf folder  ,  Moderate ,Online report  ,"93.838,26.4752",
Chinnaganjum,Prakasam Andhra Pradesh    ,09-11-2013   ,Paddy   ,    Case worm or Tube worm  ,  Mild to moderate ,Online report  ,"79.5099,15.6113",
Valparai,Coimbatore Tamil Nadu  ,14-11-2013   ,Tea   ,  Tea Mosquito Bug    ,  Low to Moderate  ,UPASI Report  ,"76.9552,10.3279",
Munnar,Idukki Kerala  ,14-11-2013   ,Tea   ,  Tea Mosquito Bug    ,  Low to Moderate  ,Online report  ,"77.0609,10.0861",
Vendiperiyar,Idukki Kerala  ,14-11-2013   ,Tea   ,  Blister Blight  ,  Low  ,UPASI Report  ,"77.023,9.87307",
Salem,Salem Tamil Nadu   ,06-11-2013   ,Mulberry   , Leaf Webber ,  Low to Moderate  ,"Newspaper,Magazine,Report  ","78.1733,11.6533",
Srivilliputtur,Virudhunagar Tamil Nadu    ,13-11-2013   ,Mulberry   , Leaf webber ,  Low  ,"Newspaper,Magazine,Report  ","77.896,9.48046",
,Bijapur Karnataka   ,06-11-2013   ,Red gram   , Caterpillar ,  Mild ,"Newspaper,Magazine,Report  ","75.9525,16.792",
,Kurnool Andhra Pradesh  ,19-11-2013   ,BT Cotton   ,    Sap sucking pest    ,  Low to Moderate  ,Online report  ,"78.0008,15.529",
,Kurnool Andhra Pradesh  ,19-11-2013   ,Castor   ,   Botrytis rot & Capsule borer    ,  Low  ,Online report  ,"78.0008,15.529",
,Kurnool Andhra Pradesh  ,19-11-2013   ,BT Cotton   ,    Sap sucking pest    ,  Low  ,IMD report  ,"78.0008,15.529",
,Anantapur Andhra Pradesh    ,19-11-2013   ,Castor   ,   Botrytis Rot    ,  Low  ,Online report  ,"77.5722,14.4795",
Pamiidi & Peddavelugu, <brAnantapur Andhra Pradesh   ,19-11-2013   ,Cotton   ,"   Mealy bug, White fly & Black arm    ",  Low to Moderate  ,Online report  ,"77.5722,14.4795",
,Kurnool Andhra Pradesh  ,19-11-2013   ,Red gram   , Leaf folder ,  Mild ,Online report  ,"78.0008,15.529",
Banaganapalle & Avuku, <brKurnool Andhra Pradesh ,19-11-2013   ,Cotton   ,   Mealy Bug   ,  Low to Moderate  ,Online report  ,"78.0008,15.529",
,Kurnool Andhra Pradesh  ,19-11-2013   ,Castor   ,   Botrytis Rot    ,  Low  ,Online report  ,"78.0008,15.529",
,Barddhaman West Bengal  ,25-11-2013   ,Vegetables   ,   Seedling Rot    ,  Low  ,Online report  ,"87.7633,23.4256",
,Gulbarga Karnataka  ,25-11-2013   ,Onion   ,    Thrips  ,  Mild ,Online report  ,"76.8818,17.0526",
,Bidar Karnataka ,25-11-2013   ,Bengal gram   ,  Pod borer   ,  Low  ,Online report  ,"77.2241,17.9501",
,Bijapur Karnataka   ,25-11-2013   ,Red gram   , Pod Borer   ,  Low  ,Online report  ,"75.9525,16.792",
,Raipur Chhattisgarh ,25-11-2013   ,Red gram   ," Pod borer, Leaf webber, Thrips and Grass hopper ",  Low  ,Online report  ,"82.1683,21.0687",
Thari na,brKheda Gujarat    ,27-09-2013   ,Castor   ,   Caterpillar ,  Low to Moderate  ,Online report  ,"73.304,23.0801",
Akakheda,Vadodara Gujarat   ,12-11-2013   ,Groundnut   ,    Groundnut Plant Hopper  ,  High ,"Newspaper,Magazine,Report  ","73.6143,22.1823",
"Barwala, Monamadapur, Bhodi khera and Panjwana",", Bhodi khera and Panjwana <brHisar Haryana    ",04-12-2013   ,Cotton   ,"   Whitefly, Mealybug & Leaf hopper    ",  Low to Moderate  ,CCS-HAU Survey report dt  -Dec-   ,"75.8072,29.2208",
,Krishnagiri Tamil Nadu  ,02-12-2013   ,Mango   ,    Leaf eating caterpillar ,  Mild ,Farmnest  ,"78.0239,12.492",
,Kheda Gujarat   ,12-12-2013   ,Chilli   ,"   Jassids,Thrips and Leaf curl    ",  Low  ,Online report  ,"73.0235,22.8764",
,Mahesana Gujarat    ,12-12-2013   ,Chilli   ,"   Jassids,Thrips  ",  Low  ,Online report  ,"72.4965,23.5795",
,Guntur Andhra Pradesh   ,12-12-2013   ,Chilli   ,   Jassids & Thrips    ,  Mild ,Online report  ,"80.0816,16.2912",
,Akola Maharashtra   ,16-12-2013   ,Red gram   , Pod borer   ,  Low to Moderate  ,Online report  ,"77.0446,20.7503",
,Amravati Maharashtra    ,16-12-2013   ,Bengal gram   ,  Gonocephalum Beetle ,  Low  ,Online report  ,"77.5694,21.1896",
,Dhule Maharashtra   ,16-12-2013   ,Red gram   , Pod borer   ,  Low  ,Online report  ,"74.6033,21.1111",
,Solapur Maharashtra ,16-12-2013   ,Bengal gram   ,  Pod borer   ,  Low  ,Online report  ,"75.4848,17.789",
,Meerut Uttar Pradesh    ,16-12-2013   ,Red gram   , Pod borer   ,  Low  ,Online report  ,"77.7836,29.0416",
,Sitapur Uttar Pradesh   ,16-12-2013   ,Brinjal    , Fruit Borer ,  Low  ,Online report  ,"80.847,27.5232",
"Hubli,Shigoan", <brDharwad Karnataka  ,06-12-2013   ,Jatropha   , Jatropha Mosaic Viru    ,  Mild to moderate ,Online report  ,"75.1563,15.3865",
Mohanpur,Nadia West Bengal  ,13-12-2013   ,Paddy   ,    Gundhi Bug  ,  Low to Moderate  ,"Newspaper,Magazine,Report  ","88.5174,23.4777",
,Coimbatore Tamil Nadu   ,16-12-2013   ,Sugarcane   ,    Top borer and Red rot   ,  Low  ,Online report  ,"77.0763,10.8432",
,Villupuram Tamil Nadu   ,16-12-2013   ,Paddy   ,    Stem Borer  ,  Low  ,Online report  ,"79.2768,11.9603",
,Tiruchchirappalli Tamil Nadu    ,16-12-2013   ,Coconut   ,"  Eriophyid mite, Rhinoceros beetle, wilt     ",  Low  ,Online report  ,"78.5549,10.8767",
,Jammu Jammu Kashmir ,16-12-2013   ,Mustard   ,  Leaf webber ,  Moderate ,Online report  ,"74.8353,32.7403",
,Aurangabad Maharashtra  ,16-12-2013   ,Red gram   , Pod borer   ,  Low  ,Online report  ,"75.32,19.88",
Regonda,Warangal Andhra Pradesh    ,01-12-2013   ,Paddy   ,    Stem Borer  ,  Low  ,"Newspaper,Magazine,Report  ","79.7917,17.95",
"Kommi, Kondapuram (M)", (M) <brNellore Andhra Pradesh ,01-12-2013   ,Citrus   ,   Leaf folder ,  Low  ,"Newspaper,Magazine,Report  ","79.7344,14.4089",
Marpalli,Rangareddi Andhra Pradesh  ,01-12-2013   ,Tomato   ,   TMV ,  Low to Moderate  ,"Newspaper,Magazine,Report  ","78.1728,17.2842",
Chityala,Warangal Andhra Pradesh    ,01-12-2013   ,Cotton   ,   Heliothis caterpillar   ,  Low  ,"Newspaper,Magazine,Report  ","79.7917,17.95",
"Lingala, koilkuntla(M)",(M) <brKurnool Andhra Pradesh  ,16-12-2013   ,Red gram   , Pod borer   ,  Low  ,"Newspaper,Magazine,Report  ","78.0008,15.529",
Nyapanandi,Cuddapah Andhra Pradesh    ,16-12-2013   ,Chilli   ,   Leaf folder ,  Low  ,"Newspaper,Magazine,Report  ","78.7743,14.4507",
Samballi,Cuddapah Andhra Pradesh    ,16-12-2013   ,Groundnut   ,    Leaf folder ,  Low  ,"Newspaper,Magazine,Report  ","78.7743,14.4507",
,Allaphuzha Kerala   ,16-12-2013   ,Paddy   ,    Leaf folder and BLB ,  Mild ,Online report  ,"76.4408,9.43083",
,Palakkad Kerala ,16-12-2013   ,Paddy   ,    BPH and leaf folder ,  Mild ,Online report  ,"76.5544,10.7893",
,Kottayam Kerala ,16-12-2013   ,Banana   ,   Pseudostem weevil and Sigatoka  ,  Mild ,Online report  ,"76.6453,9.63054",
,Thiruvananthapuram Kerala   ,16-12-2013   ,Coconut   ,  Root wilt and Bud rot   ,  Low  ,Online report  ,"77.0116,8.60229",
,Janjgir- Champa Chhattisgarh    ,16-12-2013   ,Red gram   ," pod borer, grass hopper, leaf webber and thrips     ",  Low  ,Online report  ,"82.7307,21.9244",
"Kenjoor, Kalathur-Santhekatte, Kokkarne, Hebri, Nitte, Shirlal, Ajekar, Perdoor, Bairampally",#NAME?,14-12-2013   ,Paddy   ,    WBPH    ,  High ,Online report  ,"74.8825,13.4648",
,Akola Maharashtra   ,26-12-2013   ,Red gram   , Pod borer   ,  Moderate ,Online report  ,"77.0446,20.7503",
,Chandrapur Maharashtra  ,25-12-2013   ,Bengal gram   ,  Pod borer   ,  Moderate ,Online report  ,"79.4373,20.1175",
,Ratnagiri Maharashtra   ,22-12-2013   ,Mango   ,    Hopper  ,  Low to Moderate  ,Online report  ,"73.4587,17.2716",
,Jalandhar Punjab    ,23-12-2013   ,Red gram   , Pod borer   ,  Low  ,Online report  ,"75.5537,31.2138",
,West Godavari Andhra Pradesh    ,23-12-2013   ,Paddy   ,"    leaf folder, shoot borer and leaf webber    ",  Low  ,Online report  ,"81.3923,16.8868",
,Puruliya West Bengal    ,23-12-2013   ,Vegetables   ,   Root grub   ,  Low  ,Online report  ,"86.4149,23.2758",
,Gadag Karnataka ,23-12-2013   ,Red gram   , Pod borer   ,  Moderate ,Online report  ,"75.6667,15.4278",
,Bidar Karnataka ,23-12-2013   ,Sunflower   ,    Leaf eating caterpillar ,  Moderate ,Online report  ,"77.2241,17.9501",
,Kalahandi Orissa    ,24-12-2013   ,Red gram   , Pod borer   ,  Moderate ,Online report  ,"83.1021,19.8617",
,Udhampur Jammu Kashmir  ,23-12-2013   ,Mustard   ,  White rust and aphids   ,  Moderate ,Online report  ,"75.0739,33.0592",
,Raipur Chhattisgarh ,24-12-2013   ,Red gram   ," Pod borer, leaf webber and Thrips   ",  Low  ,Online report  ,"82.1683,21.0687",
,Salem Tamil Nadu    ,24-12-2013   ,Rabi pulses   ,  Leaf eating caterpillar ,  Mild ,Online report  ,"78.2092,11.6631",
,Dharmapuri Tamil Nadu   ,24-12-2013   ,Maize   ,    Stem Borer  ,  Mild ,Online report  ,"78.1869,12.0922",
,Prakasam Andhra Pradesh ,29-12-2013   ,Cotton   ,   White fly   ,  Low  ,Online report  ,"79.5099,15.6113",
,Kurnool Andhra Pradesh  ,29-12-2013   ,Red gram   , Pod borer   ,  Low  ,Online report  ,"78.0008,15.529",
Tenali,Guntur Andhra Pradesh  ,29-12-2013   ,Maize   ,    Shoot borer & leaf webber   ,  Low  ,Online report  ,"80.0816,16.2912",
Naguluppala Padu,brPrakasam Andhra Pradesh  ,29-12-2013   ,Bengal gram   ,  Pod Borer   ,  Low to Moderate  ,Online report  ,"79.5099,15.6113",
,Kathua Jammu Kashmir    ,02-01-2014   ,Bengal gram   ,  Collar Rot  ,  Moderate ,ICAR report  ,"75.5633,32.5731",
,Gondiya Maharashtra ,02-01-2014   ,Bengal gram   ,  Pod borer   ,  Moderate ,Online report  ,"80.1576,21.1216",
,Nandurbar Maharashtra   ,02-01-2014   ,Bengal gram   ,  Pod borer   ,  Mild ,Online report  ,"74.2152,21.5491",
,Jalna Maharashtra   ,02-01-2014   ,Jowar   ,    Leaf rust   ,  Low  ,Online report  ,"75.9826,19.8197",
,Parbhani Maharashtra    ,02-01-2014   ,Jowar   ,    Ear Head bug    ,  Low to Moderate  ,Online report  ,"76.6815,19.2858",
,Bidar Karnataka ,04-01-2014   ,Red gram   , Pod borer   ,  Moderate ,CRIDA Report  ,"77.2241,17.9501",
,Raichur Karnataka   ,04-01-2014   ,Sunflower   ,    Leaf eating caterpillar ,  Moderate ,Online report  ,"76.8906,16.0869",
,Coimbatore Tamil Nadu   ,04-01-2014   ,Sugarcane   ,    Red rot ,  Low  ,CRIDA Report  ,"77.0763,10.8432",
,Ramanathapuram Tamil Nadu   ,04-01-2014   ,Paddy   ,    Stem Borer  ,  Low  ,Online report  ,"78.6804,9.44259",
,Perambalur Tamil Nadu   ,04-01-2014   ,Maize   ,    Stem Borer  ,  Low  ,Online report  ,"78.8778,11.2605",
,Koraput Orissa  ,04-01-2014   ,Red gram   , Pod borer   ,  Low  ,Online report  ,"82.7079,18.8148",
Tenali,Guntur Andhra Pradesh  ,11-01-2014   ,Maize   ,    seedling cut worm and stem borer    ,  Low to Moderate  ,IMD report  ,"80.0816,16.2912",
,Guntur Andhra Pradesh   ,11-01-2014   ,Chilli   ,   Thrips & Mites  ,  Low  ,IMD report  ,"80.0816,16.2912",
Nuziveedu & Mailavaram, <brKrishna Andhra Pradesh ,11-01-2014   ,Mango   ,    Hoppers & Powdery Mildew    ,  Low to Moderate  ,IMD report  ,"80.794,16.5492",
,Kurnool Andhra Pradesh  ,11-01-2014   ,Bengal gram   ,  Pod borer   ,  Low  ,IMD report  ,"78.0008,15.529",
Kodumur,Kurnool Andhra Pradesh ,11-01-2014   ,Brinjal    , Shoot and Fruit borer   ,  Low  ,IMD report  ,"78.0008,15.529",
,Sangli Maharashtra  ,23-12-2013   ,Safflower   ,    Aphid   ,  Low  ,Online report  ,"74.7721,17.1116",
,Bhandara Maharashtra    ,02-01-2014   ,Safflower   ,    Aphid   ,  Mild ,Online report  ,"79.8761,21.1628",
,Nanded Maharashtra  ,24-12-2013   ,Jowar   ,    Ear Head bug    ,  Mild ,Online report  ,"77.6198,19.1138",
,Kurnool Andhra Pradesh  ,11-01-2014   ,Chilli   ,   Midge & Powdey Mildew   ,  Low  ,IMD report  ,"78.0008,15.529",
,Kurnool Andhra Pradesh  ,11-01-2014   ,Rabi Groundnut   ,   Early leaf spot ,  Low to Moderate  ,IMD report  ,"78.0008,15.529",
,Aurangabad Maharashtra  ,28-10-2013   ,Cotton   ,   Sap sucking pest    ,  Low  ,Online report  ,"75.32,19.88",
dachepalli,Guntur Andhra Pradesh  ,08-12-2013   ,Chilli   ,   Leaf curl and Black spot    ,  Mild ,"Newspaper,Magazine,Report  ","80.0816,16.2912",
Sarasbedia,West Midnapore West Bengal ,13-01-2014   ,Potato   ,   Leaf blight ,  Low to Moderate  ,Field Survey  ,"87.2642,22.4122",
Anaiyampatty,Perambalur Tamil Nadu  ,22-01-2014   ,Cotton   ,   Caterpillar ,  Moderate ,NRSC-CICR visit  ,"78.8778,11.2605",
Tondappadi,Perambalur Tamil Nadu  ,22-01-2014   ,Cotton   ,   Caterpillar ,  Mild to moderate ,Team visit  ,"79.0538,11.1598",
Esanai,Perambalur Tamil Nadu  ,22-01-2014   ,Castor   ,   Semi-looper ,  Severe   ,GT Visit  ,"79.152,11.0137",
Anukkur,Perambalur Tamil Nadu  ,22-01-2014   ,Cotton   ,   Mealy Bug   ,  Moderate ,GT Visit  ,"78.8778,11.2605",
Esanai,Perambalur Tamil Nadu  ,22-01-2014   ,Cotton   ,   Jassids ,  Mild ,GT Visit  ,"79.152,11.0137",
,Perambalur Tamil Nadu   ,22-01-2014   ,Cotton   ,   Mealy Bug   ,  Low to Moderate  ,Online report  ,"78.8778,11.2605",
Perali,Perambalur Tamil Nadu  ,22-01-2014   ,Cotton   ,   Mealy Bug   ,  Mild to moderate ,Online report  ,"78.9514,11.2315",
Kalpadi,Perambalur Tamil Nadu  ,22-01-2014   ,Cotton   ,   Mealy Bug   ,  Moderate to High ,Online report  ,"78.921,11.1939",
Perambalur,Perambalur Tamil Nadu  ,22-01-2014   ,Ridge gourd   ,  Leaf Minor  ,  Moderate ,Online report  ,"78.865,11.2379",
Palaiyam,Perambalur Tamil Nadu  ,23-01-2014   ,Cotton   ,   Red cotton Bug  ,  Mild ,Online report  ,"78.1361,10.7247",
Kattangudi,Virudhunagar Tamil Nadu    ,23-01-2014   ,Cotton   ,   Red cotton Bug  ,  Mild ,Online report  ,"77.896,9.48046",
Kariapatti,Virudhunagar Tamil Nadu    ,23-01-2014   ,Cotton   ,   Mealy Bug   ,  Moderate to High ,Online report  ,"77.896,9.48046",
Nuzveedu & Mailavaram, <brKrishna Andhra Pradesh ,21-01-2014   ,Mango   ,    Hoppers & Powdery Mildew    ,  Low to Moderate  ,IMD report  ,"80.794,16.5492",
,Kurnool Andhra Pradesh  ,21-02-2014   ,Black Gram   ,   Pod borer   ,  Low to Moderate  ,Online report  ,"78.0008,15.529",
Nandyal,Kurnool Andhra Pradesh ,21-02-2014   ,Brinjal    , Shoot and Fruit borer   ,  Low  ,Online report  ,"78.0008,15.529",
Adoni,Kurnool Andhra Pradesh ,21-02-2014   ,Chilli   ,   Midge & Powdery Mildew  ,  Low  ,Online report  ,"78.0008,15.529",
Ratangarh,Yamuna Nagar Haryana   ,01-02-2014   ,Wheat   ,    Stripe rust ,  Low  ,DWR Report  ,"77.3349,30.2541",
Dabkhera Upprla,brGurdaspur Punjab ,07-01-2014   ,Wheat   ,    Stripe rust ,  Low  ,DWR Report  ,"75.3719,32.0216",
Khurdbhan,Yamuna Nagar Haryana   ,09-01-2014   ,Wheat   ,    Stripe rust ,  Low  ,DWR report  ,"77.3349,30.2541",
Harsola,Kaithal Haryana    ,23-12-2013   ,Wheat   ,    Pink stem borer ,  Low  ,DWR report  ,"75.8111,22.5723",
Ratangarh,Yamuna Nagar Haryana   ,01-01-2014   ,Wheat   ,    Stripe rust ,  Low  ,DWR Report  ,"77.3349,30.2541",
Ropar,Rupnagar Punjab    ,01-01-2014   ,Wheat   ,    Stripe rust ,  Low  ,DWR Report  ,"80.3104,30.0653",
Jopul,Nasik Maharashtra  ,01-01-2014   ,Wheat   ,    Stripe leaf rust    ,  Mild ,DWR report  ,"74.0744,20.2613",
,Nasik Maharashtra   ,01-01-2014   ,Wheat   ,    Foliar Aphids   ,  Mild ,DWR report  ,"74.0744,20.2613",
,Dharwad Karnataka   ,18-12-2013   ,Wheat   ,    Leaf rust & Shoot fly   ,  Low to Moderate  ,DWR report  ,"75.1563,15.3865",
,Kanpur Dehat Uttar Pradesh  ,06-01-2014   ,Wheat   ,    Termite ,  Low to Moderate  ,DWR report  ,"79.9538,26.428",
,Faizabad Uttar Pradesh  ,06-01-2014   ,Wheat   ,    Root rot  & Blight  ,  Low  ,DWR report  ,"82.0705,26.6347",
,Hassan Karnataka    ,16-02-2014   ,Watermelon   ,   Bacterial wilt  ,  Low  ,Online report  ,"76.1049,12.9896",
Ongole,Prakasam Andhra Pradesh    ,13-02-2014   ,Bengal gram   ,  Caterpillar ,  Low  ,Online report  ,"79.5099,15.6113",
Brahmadesam,Perambalur Tamil Nadu  ,22-01-2014   ,Cotton   ,   Mealy Bug   ,  Low to Moderate  ,Online report  ,"77.4462,8.7332",
Vengalam,Perambalur Tamil Nadu  ,22-01-2014   ,Cotton   ,   Green fly   ,  Mild ,Team visit  ,"78.7777,11.3739",
,Raipur Chhattisgarh ,10-03-2014   ,Bengal gram   ,  Pod borer   ,  Low to Moderate  ,Online report  ,"82.1683,21.0687",
,Bilaspur Chhattisgarh   ,10-03-2014   ,Cauliflower   ,  Fruit Borer & white fly ,  Low to Moderate  ,Online report  ,"81.9559,22.3451",
Ambajipeta,East Godavari Andhra Pradesh   ,12-03-2014   ,Coconut   ,  Black headed caterpillar    ,  Mild to moderate ,"Newspaper,Magazine,Report  ","82.0058,17.1784",
Waghadi,Dhule Maharashtra  ,01-01-2014   ,Wheat   ,    Aphid   ,  Severe   ,DWR report  ,"76.2168,19.6715",
Akurdi,Pune Maharashtra   ,29-12-2013   ,Wheat   ,    Aphid   ,  Low  ,DWR report  ,"73.688,18.761",
NG Padu,brPrakasam Andhra Pradesh  ,20-02-2014   ,Beans   ,    Aphid   ,  Low to Moderate  ,Field visit  ,"79.5099,15.6113",
Veppanthattai,Perambalur Tamil Nadu  ,22-01-2014   ,Cotton   ,   Boll worm   ,  Low to Moderate  ,NRSC-CICR team visit  ,"78.822,11.3397",
Satuur,Virudhunagar Tamil Nadu    ,23-01-2014   ,Cotton   ,   Wilt    ,  Low to Moderate  ,Online report  ,"77.896,9.48046",
,Guntur Andhra Pradesh   ,10-03-2014   ,Tobacco   ,  Caterpillar ,  Low  ,"Newspaper,Magazine,Report  ","80.0816,16.2912",
,Thiruvananthapuram Kerala   ,25-03-2014   ,Coconut   ,  Red palm weevil ,  Mild ,Online report  ,"77.0116,8.60229",
,Palakkad Kerala ,26-03-2014   ,Coffee   ,   White stem borer    ,  Mild ,Online report  ,"76.5544,10.7893",
,Malappuram Kerala   ,25-03-2014   ,Banana   ,   Sigatoka    ,  Mild ,Online report  ,"76.1547,11.1329",
,Jammu Jammu Kashmir ,25-03-2014   ,Wheat   ,    Yellow leaf disease     ,  Moderate ,Online report  ,"74.8353,32.7403",
Sethiathoppu,Cuddalore Tamil Nadu   ,28-03-2014   ,Maize   ,    Pink stem borer ,  Moderate ,reports from local farmers  ,"79.5427,11.4365",
Sethiathoppu,Cuddalore Tamil Nadu   ,28-03-2014   ,Chilli   ,   Thrips and Aphids   ,  High ,reports from local farmers  ,"79.5427,11.4365",
sindhanur,Raichur Karnataka  ,17-04-2014   ,Potato   ,   Cotton Aphids   ,  Low to Moderate  ,Online report  ,"76.8906,16.0869",
Koduvalli,Kozhikode Kerala   ,09-05-2014   ,nutmeg   ,"   witting tree , shrinking nuts   ",  Mild ,from field   ,"75.9116,11.3581",
Ormanjhi,Ranchi Jharkhand   ,11-09-2013   ,Paddy   ,    Pink stem borer ,  High ,"Newspaper,Magazine,Report  ","85.4818,23.4913",
,Hassan Karnataka    ,06-09-2014   ,Paddy   ,    Sheath and lwaf blights ,  Moderate ,Online report  ,"76.1049,12.9896",
,Dharwad Karnataka   ,07-09-2014   ,Paddy   ,    Sheath and lwaf blights ,  Moderate ,Online report  ,"75.1563,15.3865",
,Kolar Karnataka ,30-03-2014   ,Cucurbita   ,    Yellow vein mosaic  ,  Mild ,Online report  ,"78.0163,13.365",
,Kolar Karnataka ,13-08-2014   ,Cucurbita   ,    Yellow leaf disease     ,  Mild ,Online report  ,"78.0163,13.365",
,Coimbatore Tamil Nadu   ,07-09-2014   ,Cotton   ,   White fly   ,  Mild ,Online report  ,"77.0763,10.8432",
,Dakshin Kannada Karnataka   ,15-04-2014   ,Coconut   ,  Red palm weevil ,  Low  ,Online report  ,"75.2675,12.8352",
,Durg Chhattisgarh   ,10-03-2014   ,Vegetables   ,   Aphids and Leaf curl    ,  Low to Moderate  ,Online report  ,"81.3467,21.1894",
,Bareilly Uttar Pradesh  ,08-11-2013   ,Paddy   ,    Army worm   ,  Low  ,Online report  ,"79.4108,28.4543",
,Yavatmal Maharashtra    ,24-10-2013   ,Cotton   ,   Boll worm   ,  Moderate ,ICAR-CRIDA  ,"78.1578,20.0841",
Prathipadu,Guntur Andhra Pradesh  ,29-11-2013   ,Cotton   ,   Boll worm   ,  Low  ,Online report  ,"80.0816,16.2912",
,Nalgonda Andhra Pradesh ,24-03-2014   ,Paddy   ,    Brown spot  ,  Low  ,"Newspaper,Magazine,Report  ","79.2815,17.0619",
,Raisen Madhya Pradesh   ,29-09-2014   ,Chilli   ,   Thrips  ,  Moderate to High ,Online report  ,"78.1134,23.2207",
,Hassan Karnataka    ,01-07-2014   ,cardamom   , Root grub   ,  Low to Moderate  ,Online report  ,"76.1049,12.9896",
,Shahjahanpur Uttar Pradesh  ,08-10-2014   ,Paddy   ,    Gundhi bug and leaf folder  ,  Low to Moderate  ,Online report  ,"79.8343,27.9817",
,Haora West Bengal   ,30-09-2014   ,Paddy   ,    BPH and leaf folder ,  Low  ,Online report  ,"88.0648,22.5239",
Tora,Baragarh Orissa    ,12-10-2014   ,Paddy   ,    Brown Plant Hopper  ,  High ,Online report  ,"86.2747,20.8849",
Lahanda,Baragarh Orissa    ,12-10-2014   ,Paddy   ,    BPH and leaf folder ,  Low  ,"Newspaper,Magazine,Report  ","83.8514,21.4496",
Avalchinnampalayam,Coimbatore Tamil Nadu  ,18-08-2014   ,Coconut   ,  Rhinocerous beetle  ,  Low  ,survey  ,"77.0144,10.6132",
BORSAD,Anand Gujarat  ,01-09-2014   ,Bajra   ,    Black bug   ,  Low  ,"Newspaper,Magazine,Report  ","72.9,22.409",
,Kalahandi Orissa    ,14-10-2014   ,Paddy   ,    Brown Plant Hopper  ,  Mild to moderate ,"Agril dept, Odisha   ","83.1021,19.8617",
,Karimnagar Andhra Pradesh   ,29-10-2014   ,Cotton   ,   Cercospora Leaf spot    ,  Mild to moderate ,DD-Agril  ,"79.2383,18.5468",
,Karimnagar Andhra Pradesh   ,29-10-2014   ,Paddy   ,    Rice Blast  ,  Mild ,Agril Govt of Telangana  ,"79.2383,18.5468",
,Adilabad Andhra Pradesh ,29-10-2014   ,Red gram   , Caterpillar ,  Moderate ,Agril Govt of Telangana  ,"78.9714,19.2545",
,Khammam Andhra Pradesh  ,29-10-2014   ,Cotton   ,   Cercospora Leaf spot    ,  Severe   ,Agril Govt of Telangana  ,"80.681,17.5929",
,Khammam Andhra Pradesh  ,29-10-2014   ,Tomato   ,   Brown spot  ,  Low  ,DD report  ,"80.681,17.5929",
,Bellary Karnataka   ,02-11-2014   ,Castor   ,   Sap sucking pest    ,  Low  ,"Newspaper,Magazine,Report  ","76.5314,15.1073",
,Bidar Karnataka ,03-11-2014   ,Safflower   ,    Caterpillar ,  Low to Moderate  ,"Newspaper,Magazine,Report  ","77.2241,17.9501",
,Chamrajnagar Karnataka  ,03-11-2014   ,Sugarcane   ,    Root grub   ,  Low  ,"Newspaper,Magazine,Report  ","77.0984,11.9558",
,Kanniyakumari Tamil Nadu    ,28-10-2014   ,Coconut   ,  Rhinocerous beetle  ,  Mild ,"Newspaper,Magazine,Report  ","77.3501,8.30016",
,Ramanathapuram Tamil Nadu   ,28-10-2014   ,Coconut   ,  Red palm weevil ,  Mild ,"Newspaper,Magazine,Report  ","78.6804,9.44259",
,Dharmapuri Tamil Nadu   ,28-10-2014   ,Brinjal    , Shoot and Fruit borer   ,  Low  ,"Newspaper,Magazine,Report  ","78.1869,12.0922",
,Coimbatore Tamil Nadu   ,28-10-2014   ,Cotton   ,   Sap sucking pest    ,  Low to Moderate  ,"Newspaper,Magazine,Report  ","77.0763,10.8432",
,Wardha Maharashtra  ,28-10-2014   ,Cotton   ,   Sap sucking pest    ,  Mild ,"Newspaper,Magazine,Report  ","78.5827,20.7963",
,Garhchiroli Maharashtra ,28-10-2014   ,Castor   ,   Snake gourd semilooper  ,  Low  ,"Newspaper,Magazine,Report  ","80.2413,19.7888",
,Barpeta Assam   ,28-10-2014   ,Paddy   ,    Gundhi bug and leaf folder  ,  Low  ,"Newspaper,Magazine,Report  ","91.0259,26.4396",
,Dumka Jharkhand ,28-10-2014   ,Green gram   ,   Pod borer   ,  Low  ,"Newspaper,Magazine,Report  ","87.2613,24.3192",
Challapalli,Krishna Andhra Pradesh ,27-10-2014   ,Sugarcane   ,    Red Rot & Scale insect  ,  Mild ,"Newspaper,Magazine,Report  ","80.794,16.5492",
,Moradabad Uttar Pradesh ,15-10-2014   ,Sugarcane   ,    Scale insects   ,  Low  ,"Newspaper,Magazine,Report  ","78.7022,28.7613",
gonagandla,Kurnool Andhra Pradesh ,01-11-2014   ,Onion   ,    Caterpillar ,  Low  ,"Newspaper,Magazine,Report  ","78.0008,15.529",
"Anukonda, Makthal", <brMahbubnagar Andhra Pradesh ,01-11-2014   ,Cotton   ,   Sap sucking pest    ,  Low to Moderate  ,"Newspaper,Magazine,Report  ","78.1421,16.4935",
Narasarao pet,brGuntur Andhra Pradesh    ,01-11-2014   ,Sesames   ,  White backed plant  ,  Low to Moderate  ,"Newspaper,Magazine,Report  ","80.0816,16.2912",
,Karimnagar Andhra Pradesh   ,01-11-2014   ,Mango   ,    Termite and whorl maggot    ,  Mild ,"Newspaper,Magazine,Report  ","79.2383,18.5468",
,East Godavari Andhra Pradesh    ,07-11-2014   ,Paddy   ,    BPH and leaf folder ,  Mild ,Online report  ,"82.0058,17.1784",
,West Godavari Andhra Pradesh    ,07-11-2014   ,Paddy   ,    Stem borer and leaf folder  ,  Mild to moderate ,Online report  ,"81.3923,16.8868",
,Nizamabad Andhra Pradesh    ,07-11-2014   ,Turmeric   , Top Shoot Borer ,  Low to Moderate  ,Online report  ,"78.1398,18.5238",
,Kurnool Andhra Pradesh  ,07-11-2014   ,Safflower   ,    false smut & necrosis   ,  Moderate ,Online report  ,"78.0008,15.529",
,Nizamabad Andhra Pradesh    ,28-10-2014   ,Maize   ,    Top Shoot Borer ,  Mild ,Online report  ,"78.1398,18.5238",
,Kurnool Andhra Pradesh  ,29-10-2014   ,Bengal gram   ,  Root Rot    ,  Low to Moderate  ,"Newspaper,Magazine,Report  ","78.0008,15.529",
,Bidar Karnataka ,08-11-2014   ,Black Gram   ,   Caterpillar ,  Mild ,"Newspaper,Magazine,Report  ","77.2241,17.9501",
,Khammam Andhra Pradesh  ,10-11-2014   ,Groundnut   ,    Cercospora Leaf spot    ,  Low to Moderate  ,"Newspaper,Magazine,Report  ","80.681,17.5929",
Tenali,Guntur Andhra Pradesh  ,10-11-2014   ,Brinjal    , Sap sucking pest    ,  Mild to moderate ,Annadata  ,"80.0816,16.2912",
,Bangalore Rural Karnataka   ,10-11-2014   ,Tomato   ,   Fruit borer ,  Low to Moderate  ,Online report  ,"77.4231,12.8852",
Markapuram,Prakasam Andhra Pradesh    ,10-11-2014   ,Pumpkin   ,  Pink color fruit borer  ,  Mild to moderate ,"Newspaper,Magazine,Report  ","79.5099,15.6113",
,Khammam Andhra Pradesh  ,12-11-2014   ,Green gram   ,   spodoptera caterpillar  ,  Mild ,Online report  ,"80.681,17.5929",
Thungaturthi,Nalgonda Andhra Pradesh    ,12-11-2014   ,Black Gram   ,   Heliothis caterpillar   ,  Low to Moderate  ,Online report  ,"79.2815,17.0619",
Mahabubabad,Warangal Andhra Pradesh    ,12-11-2014   ,Red gram   , Leaf folder and stem borer  ,  Mild to moderate ,Online report  ,"79.7917,17.95",
Macherla,Guntur Andhra Pradesh  ,11-11-2014   ,Chilli   ,   Sap sucking pest    ,  Mild to moderate ,Online report  ,"80.0816,16.2912",
kanchikacherla,Krishna Andhra Pradesh ,12-11-2014   ,Cotton   ,   White fly   ,  Mild ,Online report  ,"80.794,16.5492",
Peddanandi padu,brGuntur Andhra Pradesh    ,11-11-2014   ,Cotton   ,   White fly   ,  Mild to moderate ,Online report  ,"80.0816,16.2912",
chalichennapalli,Chittoor Andhra Pradesh    ,11-11-2014   ,Mango   ,    Tobacco caterpillar ,  Mild ,Online report  ,"79.009,13.4616",
Chebrolu,Guntur Andhra Pradesh  ,11-11-2014   ,Mulberry   , Caterpillar ,  Low  ,Online report  ,"80.0816,16.2912",
Miryalaguda,Nalgonda Andhra Pradesh    ,10-11-2014   ,Paddy   ,    Rice Blast  ,  Low  ,"Newspaper,Magazine,Report  ","79.2815,17.0619",
Gopalrao peta,brKarimnagar Andhra Pradesh    ,13-11-2014   ,Banana   ,   Sigotika    ,  Moderate to High ,Online report  ,"79.2383,18.5468",
,Warangal Andhra Pradesh ,13-11-2014   ,Chilli   ,   Cercospora Leaf spot    ,  Low to Moderate  ,Online report  ,"79.7917,17.95",
Sattenapalli,Guntur Andhra Pradesh  ,13-11-2014   ,Chilli   ,   Koinophora dry diseases ,  Low to Moderate  ,Online report  ,"80.0816,16.2912",
Gangavathi,Bellary Karnataka  ,14-11-2014   ,Chilli   ,   Powdery mildew  ,  Mild ,"Newspaper,Magazine,Report  ","76.5314,15.1073",
,Gulbarga Karnataka  ,14-11-2014   ,Chilli   ,   Root grub   ,  Low to Moderate  ,Online report  ,"76.8818,17.0526",
,Amravati Maharashtra    ,13-11-2014   ,Cotton   ,   Sap sucking pest    ,  Low to Moderate  ,Online report  ,"77.5694,21.1896",
,Akola Maharashtra   ,13-11-2014   ,Castor   ,   semilooper  ,  Mild ,Online report  ,"77.0446,20.7503",
,Allahabad Uttar Pradesh ,13-11-2014   ,Red gram   , Leaf folder ,  Low to Moderate  ,Online report  ,"81.9656,25.301",
,Barddhaman West Bengal  ,13-11-2014   ,Paddy   ,    BPH and leaf folder ,  Low  ,Online report  ,"87.7633,23.4256",
,Raichur Karnataka   ,13-11-2014   ,Sunflower   ,    leaf eating caterpillars    ,  Low  ,Online report  ,"76.8906,16.0869",
,Bidar Karnataka ,13-11-2014   ,Red gram   , Pod borer   ,  Low  ,Online report  ,"77.2241,17.9501",
,Virudhunagar Tamil Nadu ,13-11-2014   ,Cotton   ,   Sap sucking pest    ,  Mild ,"Newspaper,Magazine,Report  ","77.896,9.48046",
,Pudukkottai Tamil Nadu  ,13-11-2014   ,Tomato   ,   Shoot and Fruit borer   ,  Low to Moderate  ,"Newspaper,Magazine,Report  ","78.8665,10.3422",
,Ramanathapuram Tamil Nadu   ,13-10-2014   ,Coconut   ,"  Rhinocerous beetle, Red palm weevil and Erophyid mite   ",  Low to Moderate  ,Online report  ,"78.6804,9.44259",
,Coimbatore Tamil Nadu   ,14-10-2014   ,Coconut   ,"  Rhinocerous beetle, Red palm weevil and Erophyid mite   ",  Low to Moderate  ,Online report  ,"77.0763,10.8432",
,Kollam Kerala   ,14-10-2014   ,Banana   ,   sigatoka    ,  Low to Moderate  ,"Newspaper,Magazine,Report  ","76.8738,8.95293",
,Thrissur Kerala ,14-10-2014   ,Paddy   ,    Leaf folder ,  Low to Moderate  ,"Newspaper,Magazine,Report  ","76.314,10.4644",
,Kottayam Kerala ,13-10-2014   ,Rubber   ,   Fungal disease  ,  Low  ,"Newspaper,Magazine,Report  ","76.6453,9.63054",
,Kasaragod Kerala    ,14-10-2014   ,Cashew Nut   ,   Tea Mosquite    ,  Low to Moderate  ,"Newspaper,Magazine,Report  ","75.1518,12.4638",
,Kollam Kerala   ,14-10-2014   ,Coconut   ,  stem bleeding   ,  Low to Moderate  ,"Newspaper,Magazine,Report  ","76.8738,8.95293",
,Haora West Bengal   ,27-11-2014   ,Chilli   ,   Leaf curl virus ,  Low  ,Online report  ,"88.0648,22.5239",
,Meerut Uttar Pradesh    ,27-11-2014   ,Red gram   , Leaf folder ,  Low  ,Online report  ,"77.7836,29.0416",
,Ambedkar Nagar Uttar Pradesh    ,27-11-2014   ,Maize   ,    Cut worms and caterpillars  ,  Low to Moderate  ,Online report  ,"82.6598,26.4237",
,Cuddalore Tamil Nadu    ,27-11-2014   ,Coconut   ,"  rhinoceros beetle, wilt & red palm weevil   ",  Low to Moderate  ,Online report  ,"79.4435,11.5239",
,Perambalur Tamil Nadu   ,27-11-2014   ,Cotton   ,   Sap sucking pest    ,  Low to Moderate  ,Online report  ,"78.8778,11.2605",
,Raichur Karnataka   ,01-12-2014   ,Cotton   ,   Sap sucking pest    ,  Low to Moderate  ,Online report  ,"76.8906,16.0869",
,Bidar Karnataka ,01-12-2014   ,Sunflower   ,    Caterpillar ,  Low  ,Online report  ,"77.2241,17.9501",
,Gulbarga Karnataka  ,01-12-2014   ,Red gram   , Pod borer   ,  Low to Moderate  ,"Newspaper,Magazine,Report  ","76.8818,17.0526",
,Hoshangabad Madhya Pradesh  ,01-12-2014   ,Tomato   ,   Rhizoctonia  Fruit Rot  ,  Low to Moderate  ,Farm Nest News  ,"77.9844,22.5913",
,Cuttack Orissa  ,24-12-2014   ,Paddy   ,    Stem Borer  ,  Low  ,Online report  ,"85.6985,20.4436",
,Ganjam Orissa   ,24-12-2014   ,Brinjal    , Shoot and Fruit borer   ,  Mild ,Online report  ,"84.6591,19.6217",
,Chhindwara Madhya Pradesh   ,24-12-2014   ,Red gram   , Pod borer   ,  Low to Moderate  ,Online report  ,"78.8503,22.123",
,Hoshangabad Madhya Pradesh  ,24-12-2014   ,Bengal gram   ,  Heliothis caterpillar   ,  Low  ,Online report  ,"77.9844,22.5913",
,Indore Madhya Pradesh   ,24-12-2014   ,Jowar   ,    Rust    ,  Low to Moderate  ,Online report  ,"75.7814,22.7163",
,Pali Rajasthan  ,16-01-2015   ,Wheat   ,    Leaf blight ,  Low to Moderate  ,Online report  ,"73.521,25.7087",
,Khammam Andhra Pradesh  ,25-01-2015   ,Green gram   ,   Caterpillar ,  Low  ,"Newspaper,Magazine,Report  ","80.681,17.5929",
,Krishna Andhra Pradesh  ,26-01-2015   ,Black Gram   ,   Heliothis caterpillar   ,  Low  ,"Newspaper,Magazine,Report  ","80.794,16.5492",
Poduru,West Godavari Andhra Pradesh   ,11-02-2015   ,Coconut   ,  Black headed caterpillar    ,  Mild to moderate ,Field diagnostic visit  ,"81.7537,16.5884",
Ambajipeta,East Godavari Andhra Pradesh   ,16-12-2014   ,COCOA   ,    Bark eating caterpillar ,  Low to Moderate  ,Field diagnostic visit  ,"82.0058,17.1784",
,Shimla Himachal Pradesh ,20-03-2015   ,Walnut   ,   Husk Fly    ,  Moderate ,"Newspaper,Magazine,Report  ","77.6247,31.1979",
Bhatambare,Solapur Maharashtra    ,01-03-2015   ,Chilli   ,   Mite    ,  High ,Online report  ,"75.9164,18.1575",
Khirode Pr. Raver, Raver <brJalgaon Maharashtra  ,12-03-2015   ,Banana   ,   Black headed caterpillar    ,  High ,"Newspaper,Magazine,Report  ","76.0211,21.2636",
Kannikapuram,Chittoor Andhra Pradesh    ,01-03-2015   ,Sugarcane   ,    Mite    ,  Moderate to severe   ,"Newspaper,Magazine,Report  ","79.1798,13.0276",
Nelapogulu,West Godavari Andhra Pradesh   ,13-04-2015   ,Coconut   ,  Caterpillar ,  High ,Diagnostic visit  ,"81.6739,16.613",
Relangi,West Godavari Andhra Pradesh   ,13-04-2015   ,Coconut   ,  Caterpillar ,  High ,Diagnostic visit  ,"81.6667,16.7167",
Mamidipalle,West Godavari Andhra Pradesh   ,13-04-2015   ,Coconut   ,  Caterpillar ,  High ,Diagnostic visit  ,"81.7443,16.4816",
Dosakayapallli,East Godavari Andhra Pradesh   ,13-02-2015   ,Coconut   ,  Black headed caterpillar    ,  Moderate ,Diagnostic visit  ,"82.0058,17.1784",
,Bathinda Punjab ,12-08-2015   ,Cotton   ,   White fly   ,  High ,"Newspaper,Magazine,Report  ","75.0302,30.1859",
,Jalandhar Punjab    ,07-09-2015   ,Cotton   ,   White fly   ,  High ,"Newspaper,Magazine,Report  ","75.5537,31.2138",
Chinnamvarigudem,West Godavari Andhra Pradesh   ,02-08-2014   ,Paddy   ,    Hipsa   ,  Low  ,Online report  ,"81.1862,17.1326",
Eletipadu,West Godavari Andhra Pradesh   ,02-08-2014   ,Paddy   ,    Hipsa   ,  Low  ,Online report  ,"81.7402,16.6873",
Papanasam,Thanjavur Tamil Nadu   ,14-08-2014   ,Paddy   ,    Whorl maggot    ,  Mild ,Online report  ,"77.364,8.71532",
Tappe Sipah,brBahraich Uttar Pradesh   ,07-08-2014   ,Paddy   ,    Termite ,  Low  ,Online report  ,"81.4882,27.0951",
Sarubujjili,Srikakulam Andhra Pradesh  ,16-10-2014   ,Paddy   ,    Brown Plant Hopper  ,  Severe   ,Online report  ,"83.9819,18.5754",
Naopeta,Jorhat Assam   ,31-10-2014   ,Paddy   ,    Brown Plant Hopper  ,  Low  ,Online report  ,"94.2753,26.7934",
Jatam,Bastar Chhattisgarh    ,15-10-2014   ,Paddy   ,    Stem Borer  ,  Severe   ,Online report  ,"82.0237,19.0178",
Chinvri,Dhamtari Chhattisgarh  ,31-10-2014   ,Paddy   ,    Stem Borer  ,  Moderate ,Online report  ,"81.7545,20.9354",
Pattambi,Palakkad Kerala    ,12-08-2014   ,Paddy   ,    Brown Plant Hopper  ,  Moderate to severe   ,Online report  ,"76.1846,10.8005",
Pollipadi,Palakkad Kerala    ,16-09-2014   ,Paddy   ,    Leaf folder ,  Low to Moderate  ,Online report  ,"76.5031,10.9917",
Palasgaon,Bhandara Maharashtra   ,31-10-2014   ,Paddy   ,    Stem Borer  ,  Moderate to severe   ,Online report  ,"74.5466,17.5399",
Nedungadu,Karaikal Puducherry    ,31-10-2014   ,Paddy   ,    Leaf folder ,  Moderate ,Online report  ,"79.7965,10.9135",
Kil Maruttuvakkudi,brThanjavur Tamil Nadu ,29-10-2014   ,Paddy   ,    Leaf folder ,  Moderate ,Online report  ,"79.493,11.0062",
Alnabhari,Faizabad Uttar Pradesh ,25-10-2014   ,Paddy   ,    Stem borer and leaf folder  ,  Low to Moderate  ,Online report  ,"82.3328,26.6207",
,Hoshiarpur Punjab   ,09-10-2015   ,Kinnow   ,   Fruit flies ,  Mild to moderate ,Online report  ,"75.8489,31.63",
